Jeep,Mustang,Sort,True,54000,48000,14.1,['Ny olie']
Volkswagen,Mini,Blå,True,48000,41000,22.0,['Skifte gearkasse']
Volkswagen,Prius,Gul,True,50000,47500,15.8,['Ny olie']
Volvo,Mustang,Grå,False,78000,74500,19.1,['Sten i ruden']
Volvo,Stationcar,Sort,True,67500,63500,16.6,['Klargøring til sommer']
Ford,Prius,Grå,False,34000,31500,18.2,['Sætte vinterdæk på']
Jeep,Prius,Gul,False,79500,76000,25.0,['Skifte dæk']
Volvo,Prius,Grøn,False,78500,75500,18.1,['Nyt batteri']
Tesla,Mustang,Blå,False,81500,77000,18.1,['Sten i ruden']
Toyota,Prius,Sort,True,76500,69000,15.1,['Ny olie']
Jeep,Prius,Rød,True,36000,33000,14.8,['Skifte gearkasse']
Toyota,Mustang,Blå,False,83000,78000,22.8,['Sten i ruden']
Tesla,Stationcar,Grøn,True,77000,73000,20.4,['Nyt batteri']
Jeep,Prius,Blå,False,35500,32500,13.3,['Sten i ruden']
Jeep,Golf,Hvid,True,43500,36500,19.3,['Nyt batteri']
Jeep,Mini,Hvid,False,66500,64000,22.6,['Nyt batteri']
Volvo,Prius,Hvid,True,42500,37500,15.8,['Nyt batteri']
Ford,Golf,Hvid,True,70500,63500,16.8,['Nyt batteri']
Volkswagen,Mini,Gul,False,64500,57500,15.1,['Skifte dæk']
Jeep,Mustang,Blå,True,38500,32500,23.0,['Sætte vinterdæk på']
Toyota,Stationcar,Sort,False,70500,65000,17.7,['Ny olie']
Tesla,Mini,Grøn,False,36500,34500,14.5,['Klargøring til sommer']
Jeep,Golf,Grå,True,66000,58500,20.4,['Sætte vinterdæk på']
Ford,Prius,Gul,True,58000,51000,15.9,['Nyt batteri']
Tesla,Mustang,Gul,False,66000,58000,20.6,['Skifte dæk']
Jeep,3,Sort,False,58000,50000,13.6,['Skifte dæk']
Tesla,Mustang,Grå,True,58000,53000,21.8,['Skifte gearkasse']
Volkswagen,3,Rød,False,76000,74000,18.4,['Sten i ruden']
Ford,Stationcar,Blå,False,74500,70000,18.9,['Nyt batteri']
Ford,Golf,Rød,False,52000,49500,21.8,['Nyt batteri']
Toyota,Mustang,Rød,True,59000,55500,24.0,['Skifte dæk']
Volkswagen,3,Grøn,True,66500,62000,23.2,['Klargøring til sommer']
Ford,Stationcar,Blå,False,75500,73500,24.6,['Skifte dæk']
Ford,Mini,Blå,True,60500,56000,22.7,['Skifte gearkasse']
Toyota,3,Grå,True,80500,75000,20.3,['Klargøring til sommer']
Ford,Mini,Rød,False,44500,41500,14.8,['Ny olie']
Tesla,Mustang,Grøn,False,73500,68000,18.3,['Ny olie']
Volkswagen,Stationcar,Hvid,False,50000,46000,24.6,['Klargøring til sommer']
Toyota,3,Gul,False,53500,51000,20.8,['Ny olie']
Jeep,3,Hvid,False,59500,54500,16.5,['Sten i ruden']
Jeep,Mini,Blå,False,58000,51500,15.4,['Skifte gearkasse']
Volkswagen,3,Hvid,True,68500,64000,18.5,['Skifte gearkasse']
Volvo,Golf,Gul,True,50000,47000,15.0,['Ny olie']
Volvo,Golf,Sort,False,68500,61000,22.2,['Skifte dæk']
Volkswagen,Mustang,Hvid,True,46500,42000,18.6,['Skifte dæk']
Ford,3,Hvid,True,57500,54500,18.2,['Sten i ruden']
Jeep,Golf,Blå,False,68000,64000,23.3,['Sætte vinterdæk på']
Volvo,Mini,Grøn,True,50500,46000,17.9,['Nyt batteri']
Volkswagen,3,Hvid,True,63500,60500,14.5,['Sætte vinterdæk på']
Volvo,Mini,Gul,True,58000,53000,16.2,['Nyt batteri']
Toyota,Golf,Blå,True,67500,64500,17.9,['Sten i ruden']
Ford,Stationcar,Gul,True,61500,54000,21.9,['Klargøring til sommer']
Ford,Golf,Rød,False,63000,56500,21.2,['Klargøring til sommer']
Volkswagen,Mini,Grøn,True,59500,54000,23.1,['Sætte vinterdæk på']
Volkswagen,Stationcar,Hvid,False,34500,31000,17.2,['Nyt batteri']
Volkswagen,3,Grøn,False,80500,73000,19.8,['Ny olie']
Toyota,3,Sort,True,48500,43500,16.1,['Sætte vinterdæk på']
Toyota,Mustang,Gul,True,38000,30000,19.1,['Skifte dæk']
Volvo,Prius,Sort,False,40000,35500,21.0,['Skifte gearkasse']
Jeep,3,Grøn,False,36000,33500,19.3,['Ny olie']
Ford,Mustang,Rød,False,62000,58500,14.5,['Skifte gearkasse']
Toyota,Mustang,Gul,False,51500,49000,23.0,['Ny olie']
Ford,Stationcar,Hvid,False,59000,56000,21.2,['Klargøring til sommer']
Volvo,Mini,Hvid,False,60000,53500,22.8,['Klargøring til sommer']
Ford,Mustang,Sort,True,81000,78000,15.0,['Klargøring til sommer']
Tesla,Stationcar,Rød,False,54000,49000,24.9,['Ny olie']
Toyota,Mustang,Gul,True,63500,58500,13.3,['Ny olie']
Tesla,3,Blå,True,83500,76000,23.3,['Skifte gearkasse']
Ford,Golf,Grøn,True,75000,67000,14.3,['Ny olie']
Jeep,Prius,Sort,False,57000,51500,19.5,['Ny olie']
Jeep,Golf,Grå,False,62000,60000,17.5,['Skifte gearkasse']
Ford,Golf,Gul,True,78000,75500,16.1,['Sten i ruden']
Jeep,Golf,Sort,False,41000,34000,20.1,['Nyt batteri']
Ford,Stationcar,Blå,False,80500,73000,15.3,['Ny olie']
Volkswagen,Stationcar,Grå,False,52000,48000,20.8,['Skifte gearkasse']
Jeep,Golf,Gul,True,52500,46500,24.5,['Skifte dæk']
Jeep,Stationcar,Grøn,True,36000,30500,21.9,['Skifte gearkasse']
Ford,Golf,Rød,False,86000,79500,23.4,['Skifte dæk']
Toyota,Prius,Gul,False,77000,72500,21.5,['Klargøring til sommer']
Volkswagen,Prius,Blå,True,59500,52500,18.9,['Skifte dæk']
Toyota,Prius,Hvid,False,61000,55000,19.9,['Nyt batteri']
Volvo,Golf,Sort,True,42500,36500,13.5,['Nyt batteri']
Ford,3,Blå,False,76500,71500,14.0,['Nyt batteri']
Ford,Stationcar,Gul,True,52000,45000,21.2,['Skifte dæk']
Toyota,Prius,Grå,False,80500,78000,21.7,['Nyt batteri']
Toyota,Golf,Hvid,True,65000,61500,14.0,['Klargøring til sommer']
Toyota,Golf,Sort,False,35500,32500,24.6,['Skifte gearkasse']
Jeep,Mustang,Rød,True,83000,75500,21.3,['Skifte dæk']
Ford,Mustang,Blå,True,52000,45000,15.1,['Ny olie']
Volkswagen,Prius,Gul,True,65000,60000,15.2,['Skifte gearkasse']
Ford,Golf,Gul,False,39500,37000,14.5,['Sætte vinterdæk på']
Jeep,Golf,Sort,False,39000,31500,14.9,['Klargøring til sommer']
Tesla,Mustang,Grøn,False,70000,65500,24.4,['Sætte vinterdæk på']
Volkswagen,Mini,Blå,True,47500,40500,17.7,['Skifte dæk']
Tesla,Prius,Gul,False,48500,42000,17.4,['Skifte dæk']
Ford,Mustang,Blå,True,69000,63000,20.7,['Sten i ruden']
Toyota,Golf,Grå,True,41500,35000,21.0,['Sten i ruden']
Tesla,3,Blå,True,63000,58500,24.0,['Sætte vinterdæk på']
Ford,Prius,Blå,True,74500,68000,16.4,['Sætte vinterdæk på']
Tesla,Mustang,Grøn,True,39000,32500,13.2,['Klargøring til sommer']
Tesla,Mini,Sort,True,61500,54000,21.7,['Skifte gearkasse']
Ford,3,Grøn,False,68000,64000,18.1,['Klargøring til sommer']
Volvo,Mustang,Gul,True,84000,76000,19.5,['Sten i ruden']
Volkswagen,Prius,Grøn,False,48500,44500,22.2,['Sten i ruden']
Tesla,Stationcar,Rød,False,78500,76000,16.1,['Klargøring til sommer']
Volkswagen,Mini,Sort,True,50500,44500,18.5,['Sten i ruden']
Toyota,Prius,Grøn,True,47500,45000,20.7,['Sætte vinterdæk på']
Tesla,3,Blå,True,84000,76500,15.1,['Nyt batteri']
Tesla,Stationcar,Rød,True,65500,60500,21.1,['Skifte dæk']
Jeep,Stationcar,Grå,False,41500,33500,14.3,['Skifte gearkasse']
Volvo,Mustang,Hvid,False,77000,71000,20.5,['Klargøring til sommer']
Jeep,Mustang,Grå,False,79000,75000,22.8,['Klargøring til sommer']
Volkswagen,Mustang,Gul,False,69000,65000,14.8,['Ny olie']
Ford,3,Grøn,False,61500,54500,24.0,['Skifte gearkasse']
Ford,Prius,Blå,False,80000,77500,17.0,['Sætte vinterdæk på']
Tesla,Golf,Sort,True,36000,32000,23.3,['Nyt batteri']
Jeep,Golf,Hvid,True,36000,33500,24.1,['Skifte dæk']
Volkswagen,Mustang,Gul,False,41500,34500,23.1,['Sten i ruden']
Tesla,Prius,Grå,True,48000,44500,14.5,['Skifte gearkasse']
Ford,Stationcar,Grå,True,50000,45500,23.2,['Nyt batteri']
Toyota,Stationcar,Hvid,False,64500,57500,19.9,['Klargøring til sommer']
Volkswagen,Mini,Gul,False,40500,36500,14.4,['Ny olie']
Jeep,Mini,Blå,False,73000,66000,14.2,['Sætte vinterdæk på']
Toyota,3,Hvid,False,72500,67500,23.6,['Skifte gearkasse']
Volkswagen,Golf,Hvid,True,73500,67000,14.8,['Skifte dæk']
Toyota,3,Rød,True,52000,50000,15.4,['Ny olie']
Volkswagen,Prius,Hvid,True,78000,70500,23.0,['Sten i ruden']
Volvo,Mini,Rød,True,69000,62000,14.3,['Sætte vinterdæk på']
Toyota,Mustang,Rød,False,68500,63000,14.3,['Sten i ruden']
Ford,Prius,Grøn,False,79000,74000,14.8,['Sten i ruden']
Volvo,Mustang,Hvid,True,45000,41000,21.1,['Klargøring til sommer']
Jeep,Prius,Hvid,False,42000,38000,20.5,['Ny olie']
Ford,Stationcar,Grå,False,65500,60000,14.8,['Klargøring til sommer']
Ford,3,Rød,False,79000,76000,23.0,['Nyt batteri']
Ford,Prius,Hvid,True,48000,44500,24.5,['Skifte dæk']
Tesla,Golf,Gul,True,64500,58000,19.8,['Nyt batteri']
Jeep,Prius,Sort,True,51500,46000,23.5,['Sten i ruden']
Toyota,Mini,Grøn,True,47500,43500,19.8,['Skifte dæk']
Ford,Mustang,Grå,True,81000,75000,23.3,['Skifte gearkasse']
Volvo,Mustang,Blå,False,48000,40000,17.0,['Skifte gearkasse']
Volkswagen,Golf,Gul,True,40000,32500,13.7,['Skifte dæk']
Ford,Golf,Hvid,True,37500,35000,14.5,['Skifte dæk']
Volkswagen,Mini,Grøn,False,40500,36500,22.8,['Sten i ruden']
Volvo,Prius,Grå,False,62500,56500,16.6,['Sætte vinterdæk på']
Jeep,Prius,Hvid,True,37500,33000,17.5,['Skifte dæk']
Volvo,Mustang,Blå,True,73500,69000,14.4,['Klargøring til sommer']
Ford,Mini,Rød,True,40000,33500,24.5,['Skifte dæk']
Tesla,Prius,Rød,True,64500,61500,14.8,['Ny olie']
Toyota,Mini,Blå,False,39000,35000,18.5,['Ny olie']
Jeep,3,Sort,False,36500,32500,24.5,['Sætte vinterdæk på']
Volkswagen,3,Rød,False,47500,42000,21.4,['Sætte vinterdæk på']
Volkswagen,3,Gul,True,60000,54500,19.5,['Skifte gearkasse']
Jeep,Mini,Blå,False,39500,33000,22.5,['Klargøring til sommer']
Tesla,Mustang,Hvid,True,60500,56500,13.9,['Nyt batteri']
Toyota,Mustang,Grøn,True,87000,79500,13.1,['Sten i ruden']
Volvo,Mustang,Rød,False,70000,62500,24.1,['Sætte vinterdæk på']
Tesla,Mini,Blå,False,61000,58000,17.6,['Nyt batteri']
Volkswagen,Stationcar,Blå,True,67000,65000,23.9,['Nyt batteri']
Volvo,Mini,Hvid,True,78500,75000,17.7,['Klargøring til sommer']
Tesla,3,Rød,False,77500,72500,21.0,['Nyt batteri']
Tesla,Mini,Rød,False,74000,72000,20.3,['Ny olie']
Volvo,3,Grøn,True,41000,35000,13.9,['Nyt batteri']
Tesla,3,Sort,False,49000,47000,17.1,['Ny olie']
Volkswagen,3,Hvid,True,73500,69000,24.0,['Klargøring til sommer']
Volkswagen,Prius,Grøn,False,42500,36500,23.2,['Sætte vinterdæk på']
Toyota,Mustang,Grøn,False,83500,78500,23.1,['Ny olie']
Volkswagen,Golf,Blå,False,52000,45500,18.0,['Sten i ruden']
Jeep,Golf,Blå,False,46500,43000,16.2,['Klargøring til sommer']
Tesla,Stationcar,Sort,True,46000,42000,19.7,['Sætte vinterdæk på']
Volvo,Mini,Grå,True,77000,69000,23.2,['Skifte gearkasse']
Tesla,Mini,Sort,True,79500,72000,17.0,['Skifte gearkasse']
Toyota,Stationcar,Gul,True,57500,52500,22.8,['Sten i ruden']
Toyota,Stationcar,Sort,False,78500,75000,23.2,['Klargøring til sommer']
Volkswagen,Mini,Gul,False,46000,41000,16.1,['Skifte dæk']
Toyota,Stationcar,Gul,False,42500,36000,18.4,['Ny olie']
Tesla,Golf,Sort,False,60500,53000,22.3,['Ny olie']
Tesla,Prius,Sort,False,54500,49000,22.9,['Ny olie']
Jeep,Stationcar,Gul,True,35000,31000,15.9,['Skifte dæk']
Ford,Prius,Grøn,True,67000,65000,22.0,['Skifte dæk']
Ford,Golf,Hvid,False,45500,39500,17.3,['Skifte gearkasse']
Volkswagen,Mustang,Hvid,True,37000,33500,13.2,['Klargøring til sommer']
Ford,Mustang,Blå,True,82000,77500,21.9,['Skifte dæk']
Volkswagen,Golf,Sort,False,66000,62500,22.6,['Klargøring til sommer']
Tesla,3,Sort,True,39500,34000,15.4,['Ny olie']
Volvo,Golf,Rød,False,54500,47000,16.5,['Sætte vinterdæk på']
Toyota,Mustang,Grøn,False,76000,74000,18.4,['Ny olie']
Volvo,Golf,Gul,False,38500,32500,19.8,['Klargøring til sommer']
Ford,Prius,Grøn,False,41000,33500,19.1,['Klargøring til sommer']
Ford,Stationcar,Rød,False,72500,70000,23.7,['Skifte dæk']
Toyota,Mini,Hvid,True,70500,67000,17.0,['Sten i ruden']
Toyota,Mustang,Hvid,False,65000,59000,13.4,['Sten i ruden']
Jeep,Prius,Grøn,True,52500,46500,22.6,['Sætte vinterdæk på']
Tesla,3,Grå,False,74000,69500,19.7,['Skifte dæk']
Tesla,Stationcar,Grå,False,60000,57000,16.9,['Skifte gearkasse']
Tesla,Golf,Rød,False,40000,34000,14.3,['Skifte gearkasse']
Ford,Stationcar,Blå,True,39000,33500,15.7,['Skifte gearkasse']
Jeep,Mini,Grå,False,52000,50000,13.5,['Klargøring til sommer']
Jeep,Mustang,Rød,False,55500,52500,16.3,['Sætte vinterdæk på']
Jeep,Stationcar,Grå,True,80000,75000,24.5,['Sten i ruden']
Volkswagen,Mustang,Rød,True,38000,31000,14.1,['Skifte gearkasse']
Tesla,Golf,Grøn,True,73500,65500,24.2,['Klargøring til sommer']
Tesla,Prius,Sort,False,39000,34000,20.1,['Klargøring til sommer']
Jeep,Stationcar,Gul,True,57500,54500,23.4,['Skifte gearkasse']
Volvo,Mini,Rød,True,49500,43000,23.9,['Skifte gearkasse']
Toyota,Stationcar,Gul,True,34500,30000,19.8,['Ny olie']
Tesla,Prius,Sort,False,41000,38500,18.7,['Sætte vinterdæk på']
Ford,Golf,Grå,False,52500,48000,19.7,['Klargøring til sommer']
Tesla,Golf,Sort,False,50500,45000,18.7,['Skifte dæk']
Tesla,Golf,Grøn,False,53000,47500,21.4,['Skifte gearkasse']
Ford,Prius,Blå,False,39000,34500,13.5,['Ny olie']
Volkswagen,Prius,Grå,True,68000,63500,17.4,['Klargøring til sommer']
Volvo,Mustang,Hvid,False,76500,70000,23.4,['Nyt batteri']
Ford,Golf,Rød,False,57000,50500,17.9,['Sætte vinterdæk på']
Jeep,3,Grøn,False,55500,53000,24.2,['Sten i ruden']
Toyota,Mini,Hvid,False,39000,36500,15.4,['Klargøring til sommer']
Ford,Stationcar,Gul,False,66000,60000,19.4,['Nyt batteri']
Jeep,Golf,Sort,False,74000,71500,19.0,['Klargøring til sommer']
Volvo,Stationcar,Sort,True,47000,41500,19.3,['Nyt batteri']
Toyota,3,Rød,True,39000,37000,24.9,['Klargøring til sommer']
Volkswagen,3,Grå,False,52500,50000,21.8,['Sten i ruden']
Volkswagen,Prius,Grå,True,38500,35500,21.3,['Ny olie']
Jeep,Prius,Hvid,True,55000,49500,21.2,['Klargøring til sommer']
Tesla,3,Grå,True,57000,50000,18.3,['Ny olie']
Volvo,3,Rød,True,67500,62500,18.8,['Skifte dæk']
Ford,Golf,Blå,True,40500,34500,22.8,['Klargøring til sommer']
Volkswagen,Mustang,Blå,False,53500,51000,16.3,['Skifte gearkasse']
Toyota,Stationcar,Grøn,True,74000,69500,20.0,['Sten i ruden']
Tesla,Golf,Rød,True,84000,78000,23.8,['Sætte vinterdæk på']
Tesla,Mustang,Grå,True,50500,48000,13.3,['Sten i ruden']
Toyota,3,Grøn,True,44500,40500,18.9,['Skifte dæk']
Ford,3,Blå,False,71500,68000,21.7,['Sten i ruden']
Volvo,Stationcar,Blå,True,70500,64500,23.6,['Sten i ruden']
Toyota,3,Rød,False,71000,65000,24.9,['Sten i ruden']
Volvo,Mini,Gul,False,39000,32000,16.9,['Skifte gearkasse']
Volkswagen,Stationcar,Rød,True,82000,77000,18.2,['Klargøring til sommer']
Volvo,Mini,Hvid,False,80500,73500,16.9,['Sten i ruden']
Jeep,3,Rød,True,49000,41500,13.1,['Skifte gearkasse']
Tesla,Golf,Rød,True,75500,70500,18.3,['Skifte dæk']
Volkswagen,Golf,Grøn,False,66500,63000,16.2,['Ny olie']
Toyota,Prius,Hvid,False,40000,36000,21.2,['Nyt batteri']
Ford,Stationcar,Hvid,True,73500,71000,20.6,['Sten i ruden']
Ford,3,Sort,False,41000,35500,18.4,['Ny olie']
Volvo,Stationcar,Blå,False,66500,59000,17.6,['Nyt batteri']
Jeep,Mustang,Sort,False,51500,46000,20.8,['Skifte dæk']
Toyota,Golf,Sort,False,49000,43000,16.5,['Nyt batteri']
Jeep,Mini,Rød,True,39000,34000,14.5,['Sætte vinterdæk på']
Tesla,3,Gul,True,81500,73500,17.9,['Sætte vinterdæk på']
Ford,Mini,Rød,True,43500,37500,19.8,['Nyt batteri']
Volkswagen,Mini,Grøn,True,41500,37500,14.9,['Nyt batteri']
Volkswagen,Stationcar,Sort,True,65000,60000,18.8,['Klargøring til sommer']
Volkswagen,Prius,Gul,True,41500,36500,15.9,['Ny olie']
Toyota,Mini,Blå,False,34500,32000,23.1,['Klargøring til sommer']
Ford,Stationcar,Gul,False,61000,54500,22.1,['Ny olie']
Ford,Golf,Rød,False,81000,73500,18.7,['Sætte vinterdæk på']
Volvo,Golf,Rød,True,39000,34000,16.0,['Skifte dæk']
Jeep,3,Gul,True,79000,74500,24.4,['Nyt batteri']
Volvo,3,Blå,True,49000,44000,20.9,['Nyt batteri']
Tesla,3,Rød,True,36000,33000,18.4,['Nyt batteri']
Toyota,Prius,Blå,False,37000,31000,24.9,['Ny olie']
Ford,Golf,Blå,True,81000,76500,23.3,['Sætte vinterdæk på']
Ford,Mini,Grøn,True,38500,34000,21.8,['Skifte dæk']
Volvo,Golf,Grå,False,52000,48500,14.2,['Sten i ruden']
Tesla,Prius,Sort,True,67000,62000,14.8,['Ny olie']
Ford,Mini,Grøn,True,46000,41500,16.1,['Ny olie']
Jeep,Mustang,Grå,True,65500,62000,13.3,['Skifte dæk']
Volvo,Mini,Gul,True,84000,78500,22.5,['Klargøring til sommer']
Volvo,Mini,Rød,True,70500,62500,19.7,['Sten i ruden']
Volkswagen,3,Grå,False,58500,52000,13.8,['Skifte dæk']
Volvo,Golf,Grøn,False,58500,50500,18.6,['Skifte gearkasse']
Volvo,Mini,Gul,True,82000,74000,22.9,['Skifte gearkasse']
Volkswagen,Golf,Gul,False,66500,60500,16.4,['Skifte dæk']
Volkswagen,Prius,Gul,True,39500,31500,17.9,['Klargøring til sommer']
Volkswagen,Stationcar,Hvid,False,81500,78500,24.0,['Sætte vinterdæk på']
Toyota,3,Gul,True,42000,39500,15.2,['Nyt batteri']
Toyota,Stationcar,Blå,False,63500,57500,15.1,['Skifte dæk']
Jeep,Mini,Gul,False,73000,66500,22.0,['Skifte dæk']
Tesla,Golf,Sort,False,66000,62500,24.2,['Sætte vinterdæk på']
Tesla,3,Grå,False,75500,72500,19.1,['Skifte dæk']
Toyota,Stationcar,Rød,False,82000,79000,14.0,['Ny olie']
Volkswagen,Stationcar,Blå,True,43000,36500,13.7,['Skifte gearkasse']
Volkswagen,Stationcar,Gul,False,37500,35000,18.1,['Nyt batteri']
Toyota,3,Hvid,False,64000,59000,24.2,['Skifte gearkasse']
Toyota,3,Blå,True,56000,51500,20.7,['Sten i ruden']
Tesla,Mini,Blå,False,76500,71500,15.0,['Klargøring til sommer']
Volvo,Stationcar,Sort,False,58500,55000,21.5,['Skifte gearkasse']
Toyota,Golf,Grå,True,85500,77500,19.5,['Klargøring til sommer']
Jeep,Mini,Hvid,True,54000,48000,20.6,['Nyt batteri']
Tesla,Stationcar,Hvid,True,51000,47000,17.1,['Klargøring til sommer']
Toyota,Prius,Hvid,True,58500,51500,24.8,['Sten i ruden']
Volkswagen,3,Sort,False,59000,51000,17.9,['Sætte vinterdæk på']
Volkswagen,Golf,Sort,False,75000,70500,23.8,['Sten i ruden']
Toyota,Prius,Rød,False,40500,38000,20.9,['Klargøring til sommer']
Tesla,3,Blå,False,68000,62000,15.9,['Klargøring til sommer']
Tesla,Prius,Gul,True,67000,59500,19.1,['Skifte dæk']
Tesla,3,Hvid,False,77500,74500,13.5,['Ny olie']
Volvo,Golf,Blå,False,73000,65000,16.3,['Klargøring til sommer']
Ford,Mini,Hvid,True,60000,52500,17.7,['Sten i ruden']
Volkswagen,Stationcar,Rød,False,39000,34500,20.8,['Skifte dæk']
Tesla,Mustang,Sort,True,36000,31000,19.6,['Skifte dæk']
Ford,Prius,Blå,True,78000,72000,14.8,['Sten i ruden']
Tesla,3,Rød,True,55500,53500,21.3,['Ny olie']
Jeep,Mustang,Sort,True,44000,42000,24.0,['Ny olie']
Ford,Mustang,Sort,False,83500,77500,20.3,['Skifte dæk']
Toyota,Stationcar,Grøn,False,80500,73500,21.0,['Sætte vinterdæk på']
Volkswagen,Prius,Grøn,False,77000,73000,19.4,['Sætte vinterdæk på']
Volvo,Golf,Rød,True,38500,31000,24.8,['Klargøring til sommer']
Jeep,3,Grøn,False,58000,54500,24.1,['Skifte gearkasse']
Tesla,Prius,Rød,False,54500,51000,16.5,['Ny olie']
Tesla,Golf,Grå,True,67500,63500,21.8,['Ny olie']
Volvo,Golf,Hvid,True,36500,31500,18.0,['Ny olie']
Ford,Mustang,Grøn,True,77000,71000,20.2,['Nyt batteri']
Volkswagen,3,Grå,True,68500,65500,13.2,['Klargøring til sommer']
Jeep,Prius,Sort,False,34500,31500,19.4,['Klargøring til sommer']
Volvo,Prius,Gul,True,70500,67000,16.1,['Klargøring til sommer']
Tesla,Mini,Grøn,True,61500,56000,17.9,['Skifte dæk']
Ford,3,Hvid,True,45000,38500,20.2,['Skifte dæk']
Jeep,Mustang,Rød,False,84000,80000,17.3,['Skifte gearkasse']
Ford,Prius,Blå,False,49000,41500,17.0,['Nyt batteri']
Toyota,Prius,Gul,True,54500,49500,22.1,['Sætte vinterdæk på']
Ford,Mustang,Sort,False,83000,78000,19.4,['Klargøring til sommer']
Ford,3,Grå,True,52000,47000,22.8,['Ny olie']
Volkswagen,Mustang,Grå,False,69000,66000,21.6,['Skifte gearkasse']
Tesla,Mustang,Blå,True,81500,76000,22.0,['Ny olie']
Volvo,Golf,Grøn,False,75500,70500,18.4,['Skifte gearkasse']
Volvo,3,Rød,True,49000,42500,14.3,['Skifte dæk']
Ford,Stationcar,Blå,True,55500,49500,16.6,['Skifte gearkasse']
Toyota,Mustang,Grå,False,44500,37500,18.6,['Sten i ruden']
Volkswagen,Mustang,Grøn,True,35000,31000,15.1,['Skifte dæk']
Volkswagen,Mustang,Blå,True,35000,31500,13.3,['Ny olie']
Jeep,Mustang,Hvid,False,60000,55000,16.4,['Sætte vinterdæk på']
Volkswagen,Prius,Gul,True,43000,36000,24.2,['Skifte gearkasse']
Volvo,Mini,Grå,True,85500,80000,20.9,['Skifte gearkasse']
Ford,Golf,Hvid,False,45500,38000,15.0,['Nyt batteri']
Jeep,Mustang,Grå,True,71000,63500,20.9,['Sten i ruden']
Volkswagen,Stationcar,Blå,False,42500,36000,21.7,['Sten i ruden']
Tesla,Golf,Grøn,True,57500,51500,20.2,['Klargøring til sommer']
Jeep,Golf,Gul,True,43500,41000,14.7,['Sten i ruden']
Volvo,Prius,Hvid,True,74000,70500,17.6,['Skifte gearkasse']
Jeep,Stationcar,Grå,False,63000,55500,23.8,['Ny olie']
Tesla,Golf,Grå,False,64000,59000,13.8,['Sætte vinterdæk på']
Ford,Mini,Sort,True,83500,76000,14.2,['Sætte vinterdæk på']
Ford,Golf,Rød,True,72500,69000,15.7,['Skifte dæk']
Volvo,3,Grøn,False,54000,47000,22.0,['Sten i ruden']
Toyota,Stationcar,Hvid,False,64000,58500,19.3,['Nyt batteri']
Toyota,Mini,Blå,False,41000,35500,18.1,['Skifte dæk']
Volkswagen,3,Sort,True,55500,50500,24.7,['Ny olie']
Tesla,Prius,Gul,False,43500,39000,15.5,['Skifte dæk']
Volvo,Mustang,Grå,False,80000,77500,15.2,['Sten i ruden']
Ford,Prius,Grå,True,61500,57000,18.4,['Ny olie']
Toyota,Mustang,Hvid,True,43500,36500,16.8,['Klargøring til sommer']
Jeep,3,Hvid,False,81000,77500,24.0,['Klargøring til sommer']
Tesla,Mustang,Hvid,False,62500,55000,15.5,['Skifte gearkasse']
Toyota,Mini,Rød,True,58000,52500,23.6,['Sætte vinterdæk på']
Ford,Prius,Rød,False,62000,58000,24.5,['Skifte dæk']
Tesla,Prius,Rød,True,43500,41000,22.9,['Skifte dæk']
Ford,Golf,Hvid,False,44500,38000,14.0,['Klargøring til sommer']
Volkswagen,Prius,Blå,True,84000,77500,14.3,['Nyt batteri']
Volvo,Stationcar,Grå,False,86500,80000,24.8,['Sten i ruden']
Volvo,Prius,Gul,False,45000,38500,21.0,['Skifte dæk']
Volkswagen,Prius,Grøn,True,52000,45500,21.5,['Sætte vinterdæk på']
Volkswagen,Stationcar,Blå,True,50000,45000,15.3,['Ny olie']
Toyota,Prius,Gul,False,74500,70500,20.1,['Klargøring til sommer']
Tesla,Mustang,Hvid,True,71500,64500,15.1,['Skifte gearkasse']
Jeep,Prius,Hvid,False,66500,60500,14.5,['Nyt batteri']
Tesla,Golf,Blå,False,40500,37000,20.8,['Sætte vinterdæk på']
Toyota,Mini,Rød,False,58500,56500,23.7,['Skifte dæk']
Toyota,Prius,Hvid,False,63500,56500,14.6,['Nyt batteri']
Toyota,Prius,Gul,False,81500,77500,16.4,['Klargøring til sommer']
Ford,Golf,Grå,True,85000,77000,16.4,['Nyt batteri']
Jeep,Mustang,Gul,True,79000,71000,20.2,['Nyt batteri']
Tesla,Stationcar,Sort,False,56000,53000,19.7,['Sten i ruden']
Toyota,Golf,Rød,True,82500,78500,24.6,['Sætte vinterdæk på']
Tesla,Golf,Blå,False,47000,44500,23.8,['Nyt batteri']
Volkswagen,Prius,Gul,True,47000,43500,24.1,['Ny olie']
Ford,Mustang,Grøn,False,51000,44000,16.7,['Klargøring til sommer']
Volvo,Mini,Hvid,False,84500,77000,21.4,['Skifte dæk']
Toyota,Stationcar,Grå,True,61000,54500,19.7,['Skifte dæk']
Toyota,3,Grå,True,64000,56500,14.6,['Klargøring til sommer']
Jeep,Prius,Gul,False,42000,34500,18.3,['Sætte vinterdæk på']
Jeep,Prius,Blå,True,49500,44000,15.4,['Sætte vinterdæk på']
Toyota,Mini,Blå,True,65500,63000,15.4,['Sten i ruden']
Toyota,Golf,Grøn,True,45000,37000,25.0,['Sætte vinterdæk på']
Ford,Prius,Gul,False,83500,77000,17.2,['Sten i ruden']
Tesla,3,Rød,False,41500,39000,23.2,['Skifte gearkasse']
Jeep,3,Blå,True,56000,51500,21.7,['Klargøring til sommer']
Tesla,Prius,Grøn,True,73000,70000,18.0,['Klargøring til sommer']
Tesla,Golf,Hvid,True,80500,77000,19.9,['Ny olie']
Toyota,Stationcar,Grå,False,46500,44000,14.4,['Skifte dæk']
Jeep,Prius,Gul,True,69000,64500,14.2,['Sten i ruden']
Tesla,Golf,Rød,False,35000,30000,24.4,['Sætte vinterdæk på']
Toyota,Prius,Hvid,True,39500,35000,22.7,['Sætte vinterdæk på']
Toyota,Stationcar,Sort,False,62000,57000,16.3,['Nyt batteri']
Tesla,Stationcar,Blå,False,83000,78500,24.3,['Ny olie']
Ford,Golf,Gul,False,73000,69500,21.3,['Skifte gearkasse']
Volvo,Mustang,Hvid,True,78500,76000,16.6,['Skifte dæk']
Ford,Prius,Gul,True,66000,60000,14.0,['Skifte dæk']
Volkswagen,Mini,Grå,True,64500,59500,17.5,['Nyt batteri']
Jeep,Stationcar,Grøn,True,51000,47500,24.0,['Ny olie']
Volkswagen,Mustang,Hvid,False,84500,77000,20.3,['Skifte dæk']
Tesla,Prius,Sort,True,59000,54000,23.5,['Sten i ruden']
Ford,Mustang,Hvid,False,60500,56000,13.8,['Sten i ruden']
Volvo,Mini,Grå,False,67500,60500,20.3,['Nyt batteri']
Volvo,3,Gul,False,50500,42500,24.9,['Skifte gearkasse']
Tesla,Stationcar,Blå,True,78500,71000,14.9,['Sten i ruden']
Volvo,Stationcar,Hvid,False,80500,76500,20.3,['Skifte dæk']
Ford,Stationcar,Sort,False,55500,48500,20.3,['Skifte dæk']
Ford,Mustang,Grøn,True,85000,80000,21.9,['Sætte vinterdæk på']
Jeep,Mini,Hvid,False,76000,74000,15.1,['Sten i ruden']
Ford,3,Hvid,True,75000,70000,23.6,['Sten i ruden']
Volvo,Prius,Gul,False,40000,37000,14.5,['Sætte vinterdæk på']
Jeep,Mini,Grøn,False,55000,48500,19.7,['Sætte vinterdæk på']
Jeep,Golf,Gul,False,73500,66000,14.7,['Skifte gearkasse']
Toyota,3,Blå,False,35500,33000,20.5,['Skifte dæk']
Volkswagen,Golf,Hvid,False,71500,67000,24.2,['Sten i ruden']
Volvo,3,Grå,False,47500,45000,21.7,['Nyt batteri']
Jeep,Prius,Hvid,False,41000,35000,14.3,['Sætte vinterdæk på']
Volkswagen,Mustang,Grå,True,41000,35500,23.0,['Skifte dæk']
Jeep,Mini,Rød,False,36500,33000,14.7,['Skifte gearkasse']
Volvo,Mustang,Rød,False,59500,53000,18.8,['Nyt batteri']
Volkswagen,Stationcar,Grå,True,47500,42500,14.0,['Skifte gearkasse']
Volkswagen,Prius,Blå,False,58000,54000,23.9,['Sætte vinterdæk på']
Ford,Stationcar,Rød,True,53000,47500,21.5,['Skifte dæk']
Jeep,Mustang,Grå,True,76000,72500,13.5,['Sætte vinterdæk på']
Tesla,Stationcar,Blå,False,40000,33500,17.3,['Klargøring til sommer']
Toyota,Mustang,Grå,True,59500,53500,24.6,['Skifte dæk']
Toyota,Golf,Gul,False,56000,52500,23.9,['Nyt batteri']
Jeep,Mini,Sort,False,49000,44500,21.1,['Sten i ruden']
Tesla,Stationcar,Gul,True,84500,77500,19.6,['Ny olie']
Jeep,Stationcar,Sort,False,37500,34500,13.7,['Sætte vinterdæk på']
Toyota,Stationcar,Grøn,True,39000,32500,18.9,['Sten i ruden']
Toyota,Golf,Gul,False,86000,78500,21.1,['Ny olie']
Toyota,Stationcar,Sort,True,34000,30500,19.2,['Sætte vinterdæk på']
Tesla,Mustang,Rød,True,57500,51000,15.5,['Nyt batteri']
Tesla,Mini,Sort,False,77500,70000,18.7,['Sætte vinterdæk på']
Tesla,Golf,Blå,True,67000,64500,19.7,['Skifte dæk']
Tesla,3,Gul,False,76500,73000,17.8,['Skifte gearkasse']
Tesla,Mini,Grå,True,81000,79000,21.6,['Sætte vinterdæk på']
Toyota,Prius,Blå,False,47500,40500,16.6,['Skifte gearkasse']
Ford,Mini,Grå,True,48500,41500,17.2,['Nyt batteri']
Volkswagen,Prius,Rød,True,54500,50000,24.6,['Ny olie']
Tesla,Mini,Grå,False,71500,64000,24.8,['Sten i ruden']
Tesla,Prius,Gul,True,49000,43500,18.0,['Klargøring til sommer']
Toyota,Golf,Blå,False,69000,63500,13.4,['Sten i ruden']
Volvo,Mustang,Grøn,False,41500,38500,18.4,['Skifte gearkasse']
Volkswagen,Stationcar,Hvid,True,80500,75000,23.1,['Sætte vinterdæk på']
Ford,Mini,Gul,True,54000,50500,21.4,['Klargøring til sommer']
Volvo,Stationcar,Hvid,False,39000,35000,20.3,['Skifte dæk']
Toyota,Stationcar,Grøn,True,67500,61000,22.0,['Nyt batteri']
Volvo,Mini,Blå,False,78000,75500,19.6,['Sten i ruden']
Ford,Stationcar,Rød,True,79500,76000,20.0,['Sætte vinterdæk på']
Volvo,Mini,Sort,False,38500,34000,24.8,['Skifte dæk']
Volvo,Stationcar,Rød,False,38500,31000,24.3,['Klargøring til sommer']
Volkswagen,3,Rød,False,74500,70500,24.6,['Skifte dæk']
Toyota,Prius,Gul,True,53500,48000,17.7,['Skifte gearkasse']
Toyota,Mini,Rød,False,60500,53500,13.4,['Sten i ruden']
Ford,Stationcar,Grøn,False,37500,34000,16.6,['Klargøring til sommer']
Toyota,Prius,Rød,False,75500,73500,15.7,['Klargøring til sommer']
Tesla,Mini,Sort,True,57500,55500,17.9,['Klargøring til sommer']
Tesla,Mustang,Blå,False,61500,54500,19.5,['Ny olie']
Ford,Prius,Grå,False,83000,76000,15.6,['Nyt batteri']
Jeep,3,Hvid,False,60000,54500,14.0,['Nyt batteri']
Ford,Mustang,Gul,True,44000,39000,15.2,['Sætte vinterdæk på']
Volkswagen,Mini,Sort,False,41000,37000,18.9,['Sten i ruden']
Volvo,Mustang,Grå,False,77000,72000,17.7,['Skifte dæk']
Toyota,Mustang,Blå,False,84500,79000,16.3,['Ny olie']
Tesla,Stationcar,Gul,False,40000,37000,14.8,['Nyt batteri']
Volkswagen,Mini,Sort,False,58000,50000,19.3,['Ny olie']
Volkswagen,3,Grøn,False,47500,42000,17.7,['Skifte dæk']
Jeep,Prius,Rød,True,38500,33000,14.5,['Sætte vinterdæk på']
Volvo,Mustang,Grå,False,71500,69000,18.6,['Klargøring til sommer']
Jeep,Golf,Blå,False,70000,64500,16.0,['Skifte dæk']
Tesla,Mini,Hvid,True,44000,37500,24.0,['Sætte vinterdæk på']
Tesla,Stationcar,Grøn,True,68500,65500,13.2,['Klargøring til sommer']
Ford,Mini,Grå,False,46000,42000,22.2,['Sten i ruden']
Toyota,Mustang,Rød,False,47500,40000,18.6,['Klargøring til sommer']
Volkswagen,Mini,Grøn,True,47500,45000,18.3,['Klargøring til sommer']
Jeep,Mini,Gul,True,41500,35000,23.4,['Skifte dæk']
Jeep,Prius,Grå,False,55000,51000,23.1,['Nyt batteri']
Ford,Mustang,Rød,False,76000,69000,16.7,['Sætte vinterdæk på']
Volkswagen,Golf,Grøn,False,74500,68500,16.0,['Skifte gearkasse']
Volvo,Mini,Gul,False,82000,75500,19.1,['Klargøring til sommer']
Jeep,3,Gul,False,45000,41500,17.7,['Ny olie']
Ford,Prius,Grå,True,41000,36000,16.3,['Klargøring til sommer']
Volkswagen,Golf,Sort,False,34500,31500,16.0,['Sætte vinterdæk på']
Ford,Stationcar,Blå,True,45000,40000,13.7,['Nyt batteri']
Jeep,Mini,Blå,False,62000,55500,15.9,['Klargøring til sommer']
Volkswagen,3,Gul,False,77000,70000,16.2,['Klargøring til sommer']
Tesla,3,Grøn,True,76000,72000,15.6,['Skifte dæk']
Volkswagen,Stationcar,Rød,False,40500,33500,19.2,['Ny olie']
Volkswagen,Golf,Rød,False,43500,36500,16.3,['Sten i ruden']
Toyota,3,Grå,True,48000,40000,23.6,['Ny olie']
Jeep,3,Gul,True,61000,58000,18.4,['Skifte dæk']
Volvo,3,Grå,False,67500,64000,13.2,['Skifte gearkasse']
Tesla,Golf,Blå,False,60000,56000,19.3,['Nyt batteri']
Jeep,Stationcar,Gul,False,45500,41000,21.4,['Sætte vinterdæk på']
Volvo,Prius,Blå,True,58500,51000,15.4,['Sten i ruden']
Tesla,Golf,Rød,True,46000,42500,18.4,['Skifte dæk']
Volvo,Stationcar,Grøn,True,54500,49500,24.8,['Nyt batteri']
Jeep,Stationcar,Sort,False,76500,73000,23.1,['Nyt batteri']
Jeep,Mini,Hvid,False,44500,37000,17.3,['Skifte dæk']
Toyota,Mustang,Hvid,True,69000,61500,15.6,['Nyt batteri']
Volkswagen,Golf,Grøn,True,56500,50000,18.4,['Klargøring til sommer']
Volvo,Mini,Gul,False,39000,32500,13.4,['Ny olie']
Volvo,Golf,Grøn,False,68500,65500,24.4,['Nyt batteri']
Volkswagen,Stationcar,Sort,False,73500,68500,15.0,['Nyt batteri']
Volkswagen,Golf,Hvid,False,52500,50000,19.9,['Ny olie']
Volkswagen,Golf,Gul,True,63500,56500,16.8,['Skifte gearkasse']
Volvo,Mustang,Hvid,False,54500,50000,14.3,['Sætte vinterdæk på']
Toyota,Stationcar,Blå,True,70000,66500,22.8,['Sætte vinterdæk på']
Volvo,Prius,Grøn,True,37000,30500,18.6,['Skifte gearkasse']
Volkswagen,Mini,Rød,False,43000,36000,18.4,['Sten i ruden']
Tesla,3,Blå,True,56500,52000,14.3,['Klargøring til sommer']
Toyota,Golf,Grøn,True,46000,41500,16.1,['Klargøring til sommer']
Volvo,Stationcar,Rød,True,42000,37500,22.2,['Sætte vinterdæk på']
Tesla,Prius,Grå,True,53000,45500,24.3,['Nyt batteri']
Ford,Golf,Blå,False,36000,30500,15.7,['Sætte vinterdæk på']
Jeep,Mustang,Blå,False,62000,59000,20.5,['Ny olie']
Ford,Prius,Hvid,False,66500,59500,24.1,['Skifte dæk']
Jeep,3,Rød,True,44000,40500,23.1,['Sætte vinterdæk på']
Toyota,3,Blå,False,72500,65500,24.1,['Skifte dæk']
Ford,Mini,Blå,False,78500,74500,22.2,['Nyt batteri']
Ford,Mustang,Gul,False,41000,36000,13.9,['Nyt batteri']
Ford,Mustang,Blå,True,70500,64500,18.2,['Sten i ruden']
Toyota,Mini,Blå,True,63000,56000,24.7,['Skifte dæk']
Jeep,Prius,Gul,True,35500,31500,18.4,['Sætte vinterdæk på']
Volkswagen,Golf,Rød,True,55000,50500,20.9,['Klargøring til sommer']
Tesla,Stationcar,Blå,True,47500,44000,22.7,['Skifte dæk']
Jeep,Golf,Grå,True,76000,72500,23.7,['Skifte dæk']
Toyota,Golf,Grøn,False,48000,45000,22.8,['Klargøring til sommer']
Jeep,Golf,Blå,False,81500,78000,18.4,['Sætte vinterdæk på']
Volvo,Prius,Gul,False,37000,32500,21.9,['Skifte dæk']
Volvo,Mustang,Gul,False,49500,44500,24.1,['Nyt batteri']
Ford,Stationcar,Grøn,False,77000,69500,13.8,['Nyt batteri']
Toyota,Prius,Sort,True,75500,70500,22.5,['Sten i ruden']
Jeep,Golf,Grøn,True,43000,40500,20.6,['Skifte gearkasse']
Volkswagen,Stationcar,Sort,True,45000,43000,23.9,['Klargøring til sommer']
Volvo,Mini,Grå,True,56500,52000,20.4,['Ny olie']
Volvo,Mustang,Rød,False,50000,46500,18.9,['Sætte vinterdæk på']
Tesla,Prius,Blå,False,46500,44000,22.5,['Ny olie']
Volvo,Prius,Gul,True,80500,73500,19.1,['Nyt batteri']
Toyota,Stationcar,Rød,False,61500,58000,20.4,['Nyt batteri']
Toyota,Mini,Hvid,True,57000,49500,16.0,['Klargøring til sommer']
Tesla,Stationcar,Grå,False,42000,36500,15.5,['Ny olie']
Toyota,Golf,Gul,True,60500,56500,24.4,['Sætte vinterdæk på']
Ford,Mini,Blå,False,76000,73500,20.6,['Nyt batteri']
Ford,Golf,Grøn,True,60500,58000,17.5,['Klargøring til sommer']
Jeep,3,Sort,True,59000,53500,24.4,['Skifte dæk']
Ford,Prius,Gul,False,52000,46500,15.4,['Klargøring til sommer']
Jeep,Prius,Hvid,False,74000,70000,17.1,['Skifte gearkasse']
Jeep,Golf,Blå,False,46000,43500,19.9,['Nyt batteri']
Volvo,Prius,Rød,True,43000,40500,16.3,['Ny olie']
Jeep,3,Grå,True,65500,61500,18.2,['Skifte gearkasse']
Toyota,Mustang,Rød,True,63500,59000,15.6,['Nyt batteri']
Volvo,Prius,Grå,True,34500,30000,17.7,['Klargøring til sommer']
Toyota,Golf,Sort,True,61000,55000,17.9,['Skifte dæk']
Tesla,Stationcar,Sort,True,49500,43500,15.7,['Sten i ruden']
Toyota,Golf,Hvid,False,67000,62500,22.2,['Sten i ruden']
Volvo,Mini,Grå,True,40500,34500,15.9,['Skifte dæk']
Ford,Golf,Gul,True,79500,74000,16.5,['Klargøring til sommer']
Volkswagen,Stationcar,Hvid,False,71500,64500,16.6,['Klargøring til sommer']
Volkswagen,Prius,Grøn,False,64000,59500,19.0,['Klargøring til sommer']
Volvo,Stationcar,Grå,False,48500,42500,13.6,['Skifte dæk']
Ford,Prius,Hvid,True,60000,52000,13.4,['Skifte gearkasse']
Jeep,3,Rød,True,52500,50500,21.6,['Sten i ruden']
Volvo,Stationcar,Blå,True,68500,61000,14.0,['Klargøring til sommer']
Jeep,Golf,Gul,True,42500,36000,15.9,['Nyt batteri']
Volvo,Golf,Hvid,False,55500,53500,17.1,['Skifte dæk']
Toyota,Stationcar,Hvid,False,58000,54000,21.3,['Sten i ruden']
Volkswagen,Stationcar,Rød,False,78500,74500,15.9,['Nyt batteri']
Volvo,Mini,Rød,True,53000,48000,13.6,['Sten i ruden']
Ford,3,Hvid,False,73500,70000,15.2,['Sten i ruden']
Jeep,Mustang,Grå,True,74500,71500,23.6,['Sætte vinterdæk på']
Ford,Golf,Sort,False,49500,44500,15.4,['Sætte vinterdæk på']
Tesla,Stationcar,Grøn,True,83500,78500,21.3,['Sætte vinterdæk på']
Volkswagen,Golf,Gul,True,70500,64500,19.5,['Klargøring til sommer']
Volvo,Prius,Rød,True,68500,63000,16.8,['Sætte vinterdæk på']
Tesla,Stationcar,Blå,True,52500,49000,21.2,['Sten i ruden']
Volkswagen,Prius,Grøn,True,61500,56500,22.3,['Klargøring til sommer']
Tesla,Mini,Blå,False,70000,64500,15.2,['Ny olie']
Toyota,Golf,Grå,True,50500,43500,16.4,['Ny olie']
Volvo,Prius,Sort,False,50500,46000,14.1,['Klargøring til sommer']
Ford,Stationcar,Sort,True,51000,47000,14.1,['Sætte vinterdæk på']
Toyota,Prius,Blå,True,81500,75000,18.0,['Nyt batteri']
Jeep,Prius,Sort,False,46000,43000,16.2,['Skifte gearkasse']
Ford,Golf,Grå,True,66500,62000,19.9,['Sten i ruden']
Volvo,3,Rød,False,81500,74500,23.7,['Sten i ruden']
Toyota,Mini,Sort,False,72000,65000,14.6,['Skifte dæk']
Volvo,Golf,Sort,True,67000,64000,21.6,['Klargøring til sommer']
Jeep,Mustang,Rød,False,77000,72000,23.4,['Skifte dæk']
Jeep,Mustang,Rød,True,55500,48000,14.6,['Skifte gearkasse']
Volvo,Prius,Grå,False,55500,50500,18.4,['Skifte dæk']
Jeep,Mustang,Hvid,True,64000,62000,13.7,['Sætte vinterdæk på']
Volvo,Prius,Grøn,True,47500,40500,14.1,['Klargøring til sommer']
Volvo,3,Rød,True,73500,71500,22.9,['Sætte vinterdæk på']
Tesla,Golf,Hvid,True,67500,64500,14.5,['Klargøring til sommer']
Jeep,3,Blå,True,48500,44000,20.4,['Skifte dæk']
Volvo,Mini,Hvid,False,64000,58000,13.2,['Sætte vinterdæk på']
Ford,3,Grøn,True,58500,56000,18.2,['Skifte dæk']
Volvo,3,Blå,False,86000,78500,13.9,['Skifte gearkasse']
Toyota,Golf,Grå,True,63500,58500,22.4,['Ny olie']
Ford,3,Grå,True,58000,54500,22.1,['Skifte dæk']
Volvo,Prius,Gul,False,36000,33000,15.4,['Klargøring til sommer']
Toyota,Prius,Grøn,True,80000,77500,18.1,['Ny olie']
Volkswagen,Prius,Grå,True,44500,38500,22.4,['Sten i ruden']
Jeep,Golf,Grå,False,50000,44500,18.0,['Sætte vinterdæk på']
Toyota,Golf,Grå,True,44500,40000,15.9,['Ny olie']
Volvo,Golf,Hvid,True,58500,56500,14.2,['Sten i ruden']
Volvo,Prius,Grøn,False,60000,57000,19.0,['Skifte dæk']
Toyota,Prius,Grå,False,46500,44500,20.9,['Ny olie']
Volkswagen,Mini,Blå,False,40500,37500,15.7,['Sten i ruden']
Volkswagen,Golf,Grå,True,50500,47500,15.7,['Sætte vinterdæk på']
Toyota,Mustang,Gul,True,53500,49500,22.7,['Sten i ruden']
Ford,Golf,Blå,False,43000,37000,16.8,['Sten i ruden']
Tesla,Stationcar,Rød,True,67000,62500,22.9,['Ny olie']
Toyota,Prius,Gul,False,72000,68000,24.2,['Skifte gearkasse']
Volkswagen,Prius,Hvid,False,66000,62000,15.2,['Ny olie']
Ford,Mustang,Grå,False,68500,64500,23.5,['Skifte gearkasse']
Ford,Stationcar,Gul,False,39500,37000,24.2,['Nyt batteri']
Toyota,Golf,Blå,False,57000,51000,18.1,['Sætte vinterdæk på']
Ford,Mustang,Gul,True,77000,74500,20.6,['Sten i ruden']
Jeep,Stationcar,Sort,False,80500,76500,22.8,['Skifte gearkasse']
Volkswagen,Stationcar,Rød,False,73000,67500,14.2,['Skifte dæk']
Tesla,Golf,Blå,False,61500,54500,20.6,['Nyt batteri']
Volvo,Stationcar,Sort,False,41000,36000,24.7,['Skifte dæk']
Ford,3,Grå,False,68000,60000,24.9,['Sten i ruden']
Jeep,Golf,Rød,False,38500,33000,22.8,['Sten i ruden']
Tesla,Prius,Gul,False,61500,55000,15.0,['Sten i ruden']
Volkswagen,Stationcar,Gul,True,44500,38500,18.0,['Klargøring til sommer']
Volvo,Stationcar,Sort,True,41500,36000,24.1,['Ny olie']
Volvo,Golf,Grøn,False,49500,42000,14.4,['Sætte vinterdæk på']
Toyota,Golf,Grå,False,65000,62500,16.9,['Skifte gearkasse']
Volkswagen,Stationcar,Rød,True,53500,46500,17.4,['Klargøring til sommer']
Tesla,Mustang,Grå,False,33500,30500,21.3,['Klargøring til sommer']
Toyota,3,Sort,True,58000,53000,17.7,['Sten i ruden']
Jeep,Mustang,Hvid,False,44000,40000,16.7,['Ny olie']
Volkswagen,Mustang,Hvid,False,50500,48000,17.1,['Sætte vinterdæk på']
Volvo,Golf,Sort,True,76000,68000,14.7,['Sten i ruden']
Volvo,Prius,Grå,False,64500,59000,19.0,['Ny olie']
Toyota,Golf,Grøn,True,45000,42000,15.4,['Sætte vinterdæk på']
Toyota,3,Sort,True,56500,53500,15.1,['Sten i ruden']
Ford,Mustang,Grøn,True,71000,64500,14.4,['Ny olie']
Jeep,Prius,Gul,True,44500,37000,15.7,['Skifte dæk']
Tesla,Prius,Gul,True,78000,72500,23.2,['Skifte gearkasse']
Volkswagen,Stationcar,Sort,True,64000,60000,15.4,['Sten i ruden']
Ford,3,Rød,True,78500,74500,21.5,['Ny olie']
Ford,Mustang,Blå,False,75500,69500,18.2,['Nyt batteri']
Volvo,3,Blå,True,38000,32500,14.7,['Ny olie']
Volkswagen,Stationcar,Gul,False,69000,62000,16.9,['Sætte vinterdæk på']
Volvo,3,Grøn,False,37000,34500,15.9,['Skifte dæk']
Volkswagen,Golf,Sort,True,78000,70000,19.7,['Ny olie']
Tesla,Mini,Blå,False,64000,60000,13.7,['Klargøring til sommer']
Volkswagen,Golf,Rød,False,37000,33000,17.6,['Klargøring til sommer']
Jeep,Stationcar,Grå,True,65000,60000,16.3,['Ny olie']
Toyota,Stationcar,Grå,False,72500,67500,21.2,['Skifte gearkasse']
Ford,Prius,Sort,True,65500,59000,16.5,['Klargøring til sommer']
Tesla,3,Rød,True,36500,34000,21.3,['Nyt batteri']
Ford,Mini,Grøn,False,44500,36500,19.4,['Ny olie']
Toyota,Prius,Gul,False,74500,67500,23.9,['Nyt batteri']
Ford,3,Blå,True,58500,56000,19.7,['Skifte dæk']
Jeep,3,Rød,False,78000,71500,20.4,['Skifte dæk']
Toyota,Stationcar,Rød,False,79500,72000,20.6,['Sætte vinterdæk på']
Toyota,3,Grøn,False,79500,71500,19.4,['Skifte dæk']
Tesla,Stationcar,Sort,True,57000,50500,24.8,['Nyt batteri']
Volvo,3,Gul,False,73500,65500,22.6,['Ny olie']
Volkswagen,Mini,Grå,True,41500,37000,24.3,['Sten i ruden']
Volvo,Golf,Grøn,True,84000,79500,13.5,['Nyt batteri']
Volkswagen,Stationcar,Grå,True,72000,67500,24.6,['Skifte dæk']
Tesla,Mustang,Blå,False,80000,72000,14.8,['Sætte vinterdæk på']
Volkswagen,Stationcar,Sort,False,42500,38000,20.7,['Ny olie']
Volkswagen,Golf,Blå,True,79500,72000,23.5,['Ny olie']
Volvo,Prius,Sort,True,58500,54500,20.7,['Klargøring til sommer']
Volvo,Stationcar,Grøn,False,39000,34000,14.1,['Sætte vinterdæk på']
Volvo,Stationcar,Gul,True,51000,47000,22.1,['Skifte dæk']
Ford,Golf,Grøn,False,42500,36500,22.9,['Skifte gearkasse']
Ford,Mustang,Rød,True,42000,35500,18.5,['Sætte vinterdæk på']
Jeep,Golf,Gul,False,44000,38500,22.4,['Skifte gearkasse']
Toyota,Stationcar,Hvid,True,85500,78500,22.6,['Skifte gearkasse']
Volkswagen,3,Sort,True,55000,49000,23.2,['Ny olie']
Ford,Mini,Grøn,False,49500,45000,23.7,['Sten i ruden']
Jeep,3,Hvid,False,74500,71000,24.6,['Nyt batteri']
Volkswagen,3,Grøn,True,36000,32000,17.9,['Klargøring til sommer']
Ford,3,Sort,True,53000,45000,21.8,['Nyt batteri']
Jeep,Mini,Hvid,False,58500,56000,20.3,['Skifte gearkasse']
Volkswagen,Golf,Rød,False,43500,37500,19.8,['Skifte dæk']
Tesla,Mustang,Grøn,True,65000,57500,21.7,['Nyt batteri']
Ford,Mini,Grøn,True,44500,37500,17.2,['Sten i ruden']
Ford,Mustang,Hvid,False,65000,61500,15.9,['Sten i ruden']
Tesla,3,Hvid,False,41000,36000,18.4,['Nyt batteri']
Toyota,3,Blå,True,70000,63500,17.8,['Skifte gearkasse']
Ford,3,Grå,False,40500,36000,17.4,['Sten i ruden']
Volkswagen,Mini,Grøn,False,48000,40500,18.7,['Skifte gearkasse']
Volkswagen,Mustang,Sort,True,57500,53500,22.8,['Ny olie']
Tesla,3,Blå,False,82500,78500,20.1,['Klargøring til sommer']
Volkswagen,3,Grå,False,72000,64000,13.5,['Sætte vinterdæk på']
Toyota,Golf,Sort,False,50500,45500,22.3,['Klargøring til sommer']
Ford,3,Grøn,False,71500,65500,14.9,['Sætte vinterdæk på']
Volvo,Mini,Hvid,True,40000,33000,24.8,['Sten i ruden']
Volvo,Stationcar,Sort,False,82000,79500,23.8,['Klargøring til sommer']
Volkswagen,Golf,Hvid,True,35500,30000,18.0,['Skifte dæk']
Toyota,Mini,Blå,True,83500,78500,22.1,['Skifte dæk']
Ford,3,Sort,False,50000,43500,22.0,['Sten i ruden']
Toyota,Mini,Rød,False,81500,78000,24.5,['Sten i ruden']
Ford,Golf,Gul,True,42500,35000,14.5,['Nyt batteri']
Tesla,Golf,Rød,False,70500,68500,13.4,['Nyt batteri']
Tesla,Stationcar,Gul,False,53500,45500,23.1,['Skifte dæk']
Volvo,Prius,Blå,False,71500,66000,13.9,['Skifte dæk']
Tesla,Golf,Gul,True,45500,39500,24.7,['Nyt batteri']
Ford,Golf,Grøn,False,56500,50000,20.8,['Klargøring til sommer']
Ford,Stationcar,Gul,False,77000,69500,23.1,['Skifte dæk']
Volvo,3,Gul,False,46500,41000,19.2,['Sætte vinterdæk på']
Tesla,Prius,Grøn,False,35000,31000,20.3,['Sten i ruden']
Tesla,Golf,Grøn,True,81000,78000,17.1,['Sten i ruden']
Tesla,Mustang,Hvid,True,72500,66500,20.0,['Skifte dæk']
Toyota,Golf,Blå,True,68000,64000,20.7,['Nyt batteri']
Ford,Golf,Grøn,False,63500,59000,19.5,['Ny olie']
Toyota,Prius,Grøn,False,50500,43000,17.6,['Skifte gearkasse']
Ford,Stationcar,Grøn,False,48500,45500,24.1,['Skifte dæk']
Volkswagen,Mini,Grå,False,61000,55500,19.3,['Nyt batteri']
Toyota,Mustang,Gul,False,43000,37500,17.0,['Sætte vinterdæk på']
Toyota,3,Gul,True,79500,73000,16.6,['Skifte dæk']
Jeep,Stationcar,Grå,False,72000,66000,22.5,['Ny olie']
Toyota,Golf,Grøn,False,64000,59000,18.2,['Ny olie']
Toyota,Mini,Blå,False,44500,42500,20.6,['Sætte vinterdæk på']
Toyota,Prius,Rød,True,78000,71000,18.3,['Skifte dæk']
Volvo,3,Grøn,True,41500,38000,24.1,['Sten i ruden']
Ford,Golf,Rød,False,80500,76500,19.3,['Sten i ruden']
Tesla,Stationcar,Grøn,True,67500,61500,14.3,['Sten i ruden']
Volkswagen,Mini,Rød,False,82000,74000,17.7,['Sætte vinterdæk på']
Toyota,Golf,Hvid,True,44500,38500,23.9,['Skifte gearkasse']
Volkswagen,Golf,Hvid,False,40000,33500,22.2,['Sten i ruden']
Tesla,Golf,Grå,False,51000,48000,16.7,['Sætte vinterdæk på']
Tesla,Golf,Sort,True,84000,76000,15.7,['Skifte gearkasse']
Volkswagen,3,Sort,False,77000,70000,24.1,['Ny olie']
Volvo,Mini,Rød,False,79000,73000,20.0,['Sten i ruden']
Jeep,Golf,Grøn,True,47500,40500,17.0,['Klargøring til sommer']
Volvo,Prius,Grøn,True,68000,60500,24.6,['Skifte dæk']
Ford,Golf,Grå,True,60000,56000,21.9,['Sætte vinterdæk på']
Toyota,Prius,Grøn,False,47500,40500,13.6,['Sætte vinterdæk på']
Toyota,3,Rød,False,39000,34000,15.4,['Klargøring til sommer']
Volvo,Stationcar,Grå,True,55500,48000,19.6,['Skifte dæk']
Volvo,Prius,Grøn,False,48500,40500,22.8,['Nyt batteri']
Volkswagen,Mustang,Blå,True,73000,65000,17.3,['Klargøring til sommer']
Volkswagen,Golf,Sort,False,59500,52000,20.7,['Klargøring til sommer']
Volkswagen,3,Gul,True,67500,62000,14.8,['Skifte gearkasse']
Ford,Stationcar,Gul,True,36500,34000,22.4,['Skifte dæk']
Volvo,Golf,Rød,True,79500,76500,15.6,['Ny olie']
Ford,Golf,Sort,True,65000,63000,18.0,['Skifte dæk']
Volvo,Mustang,Grå,False,37500,30500,23.0,['Skifte gearkasse']
Ford,Stationcar,Sort,True,66500,62000,18.9,['Skifte gearkasse']
Volvo,Golf,Hvid,False,74000,69500,20.1,['Ny olie']
Toyota,Stationcar,Sort,True,54000,50500,21.6,['Klargøring til sommer']
Toyota,Stationcar,Blå,True,59500,56500,13.6,['Nyt batteri']
Jeep,Mini,Grøn,True,51000,44500,14.5,['Skifte dæk']
Tesla,Stationcar,Rød,False,51000,47500,23.3,['Klargøring til sommer']
Jeep,3,Rød,False,79000,74000,15.2,['Sætte vinterdæk på']
Toyota,Mini,Gul,True,81500,74500,13.9,['Sætte vinterdæk på']
Toyota,Prius,Blå,True,69500,64500,24.0,['Skifte gearkasse']
Jeep,Prius,Gul,False,48500,41000,14.1,['Sten i ruden']
Ford,Golf,Gul,True,38000,32000,19.2,['Klargøring til sommer']
Ford,Prius,Gul,False,72500,66000,22.3,['Skifte dæk']
Volvo,Golf,Hvid,False,51000,47500,15.3,['Ny olie']
Volkswagen,Mustang,Grå,False,68500,61000,19.6,['Ny olie']
Volvo,Mustang,Grå,False,68500,63000,21.3,['Skifte dæk']
Toyota,3,Sort,True,78500,74500,18.0,['Nyt batteri']
Jeep,Golf,Blå,False,82000,77500,16.4,['Sætte vinterdæk på']
Ford,3,Sort,True,73500,65500,20.6,['Nyt batteri']
Tesla,Mini,Grøn,True,36500,32000,19.6,['Skifte gearkasse']
Volvo,Prius,Blå,False,64500,61000,15.9,['Skifte gearkasse']
Volvo,3,Gul,True,37000,33000,16.4,['Klargøring til sommer']
Volvo,Stationcar,Gul,False,54000,46500,24.7,['Sætte vinterdæk på']
Volkswagen,Golf,Sort,True,43000,38000,15.1,['Sætte vinterdæk på']
Jeep,3,Gul,False,67000,62000,18.6,['Sten i ruden']
Tesla,Mustang,Hvid,True,38000,32000,14.2,['Ny olie']
Toyota,Prius,Blå,False,43000,40500,17.7,['Sætte vinterdæk på']
Toyota,Mini,Rød,False,36000,32500,13.2,['Skifte gearkasse']
Volkswagen,Stationcar,Hvid,True,62500,56000,20.3,['Klargøring til sommer']
Jeep,Golf,Hvid,True,69500,67500,23.6,['Klargøring til sommer']
Toyota,Mini,Grå,True,74500,70000,19.2,['Sten i ruden']
Jeep,Mini,Grå,False,83500,76500,21.7,['Skifte dæk']
Jeep,Prius,Blå,True,80500,78000,14.2,['Sætte vinterdæk på']
Volkswagen,3,Blå,True,68500,66000,15.7,['Sten i ruden']
Tesla,Golf,Grå,False,76500,69000,17.0,['Sætte vinterdæk på']
Volvo,Stationcar,Hvid,False,68500,64000,24.6,['Nyt batteri']
Volkswagen,Mini,Grå,False,55000,47500,19.1,['Ny olie']
Jeep,Golf,Rød,False,63000,60500,22.5,['Klargøring til sommer']
Ford,Mini,Sort,True,51000,44500,23.7,['Sætte vinterdæk på']
Ford,3,Gul,False,54500,51000,18.6,['Sten i ruden']
Jeep,Mustang,Hvid,False,78000,74500,18.8,['Sætte vinterdæk på']
Toyota,Mini,Grøn,False,49000,44500,23.5,['Klargøring til sommer']
Ford,Prius,Sort,False,65000,57000,22.8,['Skifte dæk']
Toyota,Prius,Grøn,False,81500,77000,24.7,['Nyt batteri']
Tesla,Prius,Rød,False,78500,72000,14.5,['Sten i ruden']
Jeep,Prius,Grå,False,70500,64000,21.3,['Skifte dæk']
Toyota,Prius,Grå,True,58000,50500,19.8,['Sætte vinterdæk på']
Toyota,Stationcar,Grøn,True,67500,62000,22.2,['Nyt batteri']
Jeep,Prius,Grå,False,64500,60500,15.2,['Sætte vinterdæk på']
Ford,Golf,Blå,True,52500,47500,20.5,['Sten i ruden']
Ford,Stationcar,Grå,True,79500,77500,18.5,['Sten i ruden']
Toyota,Mustang,Sort,True,61500,54000,21.6,['Skifte dæk']
Jeep,Mini,Rød,True,66500,61000,15.1,['Skifte dæk']
Jeep,Mustang,Rød,False,61500,56500,19.7,['Nyt batteri']
Volvo,Golf,Sort,True,39000,33000,17.2,['Skifte dæk']
Ford,Prius,Grå,False,60500,57000,16.5,['Ny olie']
Toyota,3,Grå,True,68000,62000,19.7,['Sten i ruden']
Volkswagen,Mustang,Gul,False,44500,41500,19.9,['Sætte vinterdæk på']
Tesla,3,Grå,True,72000,64000,14.1,['Klargøring til sommer']
Volkswagen,Mini,Grå,False,49500,45000,20.6,['Sten i ruden']
Tesla,Mini,Sort,False,79500,77000,19.4,['Nyt batteri']
Ford,Prius,Gul,True,41500,39000,22.5,['Sætte vinterdæk på']
Tesla,Golf,Grøn,True,65000,57500,19.0,['Sætte vinterdæk på']
Tesla,3,Hvid,True,58000,56000,24.9,['Sten i ruden']
Volvo,Mustang,Grøn,False,53000,48000,22.5,['Sten i ruden']
Toyota,Prius,Rød,False,55000,48500,17.1,['Sten i ruden']
Ford,Mini,Rød,False,77000,73500,15.5,['Sætte vinterdæk på']
Volvo,Mini,Hvid,False,51000,45500,22.1,['Skifte gearkasse']
Volkswagen,Golf,Blå,True,61500,55000,13.2,['Sten i ruden']
Volkswagen,3,Grå,True,71000,68500,20.0,['Ny olie']
Jeep,Mini,Hvid,False,80000,77000,17.6,['Sten i ruden']
Ford,Golf,Blå,True,50000,45500,13.2,['Klargøring til sommer']
Volkswagen,Mustang,Sort,True,77000,69500,16.8,['Sten i ruden']
Volkswagen,Prius,Rød,False,79000,73500,19.1,['Ny olie']
Jeep,Mustang,Sort,True,47500,44500,19.1,['Ny olie']
Volkswagen,Mini,Sort,True,61000,58000,24.0,['Nyt batteri']
Volkswagen,3,Hvid,False,39500,32500,18.0,['Ny olie']
Volkswagen,3,Sort,True,57000,53000,23.4,['Ny olie']
Jeep,Mustang,Gul,True,49500,44000,20.2,['Skifte gearkasse']
Ford,3,Grøn,True,70500,64000,20.3,['Nyt batteri']
Volvo,Mini,Grøn,False,48500,44000,17.8,['Nyt batteri']
Ford,Prius,Grå,False,52000,44500,21.9,['Skifte gearkasse']
Tesla,3,Gul,False,63000,60500,14.3,['Skifte gearkasse']
Volvo,Mini,Sort,True,43000,37000,23.5,['Klargøring til sommer']
Tesla,Stationcar,Grøn,True,48500,44000,21.4,['Ny olie']
Tesla,Stationcar,Blå,True,53000,49500,18.3,['Skifte gearkasse']
Volkswagen,Mini,Hvid,True,67000,63500,16.4,['Sætte vinterdæk på']
Jeep,Mustang,Blå,True,57500,52500,15.3,['Ny olie']
Volvo,Stationcar,Grå,False,64000,61500,18.9,['Sten i ruden']
Volvo,3,Grå,True,61000,55500,13.2,['Nyt batteri']
Volkswagen,Mini,Blå,True,37500,33500,24.0,['Nyt batteri']
Jeep,Mustang,Grøn,False,69000,65000,15.1,['Skifte gearkasse']
Tesla,Prius,Grøn,True,41000,33000,16.4,['Nyt batteri']
Tesla,Golf,Grå,False,63500,57500,18.9,['Klargøring til sommer']
Jeep,Golf,Gul,False,69500,61500,23.5,['Sten i ruden']
Volvo,3,Blå,False,48500,43500,17.4,['Skifte gearkasse']
Tesla,Mini,Hvid,False,40500,37000,16.0,['Skifte dæk']
Volvo,Prius,Gul,False,44000,41500,23.3,['Skifte gearkasse']
Toyota,Stationcar,Grøn,True,62500,56000,15.5,['Ny olie']
Ford,Golf,Grå,False,62500,54500,15.3,['Klargøring til sommer']
Ford,3,Blå,True,66000,62000,24.5,['Sten i ruden']
Volkswagen,3,Grøn,True,42000,38000,16.0,['Sætte vinterdæk på']
Jeep,Prius,Blå,False,79500,75000,24.7,['Skifte gearkasse']
Tesla,Prius,Sort,True,67500,60500,18.4,['Ny olie']
Tesla,Mustang,Blå,True,67500,61000,14.4,['Nyt batteri']
Volvo,Mustang,Sort,False,69000,61500,19.8,['Ny olie']
Jeep,Mustang,Gul,False,61000,53500,15.4,['Skifte gearkasse']
Tesla,Prius,Grå,True,58000,51500,24.9,['Skifte dæk']
Toyota,Golf,Rød,False,78000,71500,16.5,['Skifte gearkasse']
Toyota,3,Grøn,False,58500,52000,16.4,['Nyt batteri']
Jeep,3,Rød,False,53000,49500,13.1,['Klargøring til sommer']
Volkswagen,Prius,Gul,True,65500,59000,14.0,['Skifte dæk']
Volkswagen,Mustang,Gul,True,69000,66500,21.0,['Nyt batteri']
Volvo,Prius,Blå,False,62500,57000,18.9,['Skifte gearkasse']
Toyota,Golf,Sort,False,50500,46500,14.0,['Sten i ruden']
Volkswagen,Golf,Hvid,False,65000,59000,23.5,['Ny olie']
Volkswagen,3,Gul,True,58500,54500,24.3,['Nyt batteri']
Jeep,Prius,Grøn,True,61000,54000,13.1,['Skifte gearkasse']
Ford,Golf,Sort,True,41500,35000,17.9,['Nyt batteri']
Volvo,Mustang,Grå,True,37000,32500,15.6,['Nyt batteri']
Toyota,Prius,Gul,True,53000,49500,22.8,['Sten i ruden']
Jeep,Golf,Hvid,True,82500,75000,17.9,['Klargøring til sommer']
Tesla,3,Gul,False,74000,71000,18.2,['Klargøring til sommer']
Ford,3,Grøn,True,67000,61000,23.1,['Sætte vinterdæk på']
Tesla,3,Rød,False,66000,59500,15.7,['Sten i ruden']
Tesla,Mustang,Sort,True,51000,47000,19.4,['Klargøring til sommer']
Jeep,Prius,Blå,False,49000,46000,14.6,['Sten i ruden']
Ford,Mustang,Sort,False,81500,77500,23.6,['Sten i ruden']
Ford,3,Blå,True,79000,76500,21.9,['Sætte vinterdæk på']
Toyota,Golf,Rød,False,75500,72500,19.4,['Skifte gearkasse']
Toyota,Mustang,Rød,True,47500,41500,13.3,['Sten i ruden']
Tesla,Stationcar,Hvid,True,41000,33500,24.7,['Sætte vinterdæk på']
Jeep,3,Gul,True,67500,61500,17.9,['Sten i ruden']
Ford,Mini,Hvid,True,41500,34500,18.1,['Skifte dæk']
Ford,Stationcar,Grå,True,42500,36000,21.5,['Nyt batteri']
Ford,Golf,Gul,True,48500,45500,23.2,['Ny olie']
Volvo,Mini,Grå,False,42500,38500,15.2,['Sætte vinterdæk på']
Toyota,3,Grøn,False,58500,53500,20.3,['Skifte gearkasse']
Toyota,Prius,Gul,True,73500,68000,18.0,['Skifte gearkasse']
Volvo,Prius,Gul,False,68000,61500,22.4,['Skifte gearkasse']
Tesla,Mini,Grå,True,40000,35500,19.9,['Nyt batteri']
Ford,Golf,Hvid,True,85000,78500,22.9,['Ny olie']
Tesla,3,Blå,True,37500,33500,21.1,['Sten i ruden']
Volkswagen,Mustang,Hvid,False,48000,42000,20.4,['Skifte dæk']
Tesla,Mustang,Gul,False,59000,51500,23.1,['Sten i ruden']
Jeep,Mustang,Gul,False,56000,52500,14.6,['Klargøring til sommer']
Tesla,Stationcar,Grøn,False,59000,53500,19.2,['Skifte dæk']
Ford,3,Gul,False,36500,32000,20.7,['Klargøring til sommer']
Jeep,3,Rød,False,75500,67500,13.7,['Nyt batteri']
Volkswagen,Golf,Hvid,False,73500,66000,22.1,['Klargøring til sommer']
Tesla,3,Grøn,True,46000,38500,15.5,['Sætte vinterdæk på']
Volkswagen,Prius,Grøn,False,87000,79000,16.5,['Sætte vinterdæk på']
Jeep,3,Gul,True,60500,58500,17.1,['Sten i ruden']
Toyota,Mini,Hvid,False,79000,75500,16.9,['Nyt batteri']
Tesla,Mini,Grøn,False,41500,37000,18.5,['Nyt batteri']
Tesla,Mustang,Hvid,False,48500,45000,16.7,['Nyt batteri']
Jeep,Golf,Grå,False,67000,63000,18.1,['Ny olie']
Ford,3,Sort,False,70500,68500,18.9,['Nyt batteri']
Toyota,Golf,Sort,False,47000,43000,22.5,['Sten i ruden']
Jeep,Golf,Grå,False,52500,44500,13.7,['Ny olie']
Jeep,Mustang,Grå,True,84500,77500,15.1,['Skifte dæk']
Volkswagen,Prius,Grå,True,50500,48000,23.9,['Skifte gearkasse']
Toyota,Golf,Rød,True,60000,56500,16.4,['Sætte vinterdæk på']
Jeep,Golf,Grøn,True,62000,54500,23.2,['Ny olie']
Jeep,Stationcar,Blå,True,49000,42000,19.7,['Klargøring til sommer']
Volkswagen,Mustang,Sort,False,83000,78500,14.1,['Ny olie']
Toyota,Stationcar,Sort,True,63500,56000,16.9,['Skifte dæk']
Tesla,Stationcar,Gul,True,46000,41000,23.5,['Sætte vinterdæk på']
Jeep,Stationcar,Hvid,False,72500,65500,21.7,['Sætte vinterdæk på']
Tesla,Prius,Sort,True,37500,33000,17.7,['Skifte dæk']
Ford,Mini,Blå,False,59000,56500,16.7,['Sætte vinterdæk på']
Volkswagen,Mustang,Gul,True,62000,54500,23.8,['Nyt batteri']
Jeep,Mini,Sort,False,39000,32500,24.2,['Sten i ruden']
Ford,Prius,Grå,False,64000,60000,24.4,['Klargøring til sommer']
Volvo,Stationcar,Gul,True,41000,34000,18.2,['Sætte vinterdæk på']
Toyota,3,Gul,True,83500,76000,18.3,['Skifte gearkasse']
Jeep,Prius,Hvid,True,58500,52000,21.9,['Skifte gearkasse']
Tesla,3,Blå,False,41500,36000,19.9,['Skifte gearkasse']
Ford,3,Grå,False,46500,41500,24.6,['Sten i ruden']
Tesla,Prius,Sort,True,60000,55000,17.0,['Skifte gearkasse']
Tesla,Mustang,Grøn,False,72000,65500,16.4,['Sten i ruden']
Volvo,Prius,Grå,True,74000,69000,21.9,['Nyt batteri']
Ford,Stationcar,Grøn,True,69500,66000,15.4,['Nyt batteri']
Tesla,Golf,Sort,True,62500,59500,13.2,['Skifte gearkasse']
Toyota,Mini,Blå,False,71500,65000,18.7,['Klargøring til sommer']
Tesla,Golf,Hvid,False,41500,34000,15.4,['Sætte vinterdæk på']
Volvo,Golf,Blå,False,43500,38000,15.8,['Sætte vinterdæk på']
Toyota,3,Hvid,True,40500,36500,17.9,['Ny olie']
Toyota,Prius,Gul,True,53000,49000,20.9,['Skifte dæk']
Toyota,Stationcar,Grøn,True,65500,62000,23.7,['Ny olie']
Volkswagen,Prius,Grå,True,80000,73000,22.2,['Sten i ruden']
Volkswagen,3,Grøn,True,61500,59500,24.2,['Sten i ruden']
Volkswagen,Mustang,Grøn,True,69500,67000,23.8,['Ny olie']
Volvo,Mustang,Blå,True,71000,65000,23.5,['Nyt batteri']
Ford,Mustang,Grå,True,59500,52000,23.2,['Ny olie']
Volkswagen,Mustang,Blå,True,52500,49500,15.0,['Klargøring til sommer']
Volvo,Mustang,Gul,True,55500,48000,21.5,['Skifte gearkasse']
Volkswagen,3,Blå,True,46500,39500,23.4,['Klargøring til sommer']
Jeep,Mustang,Blå,True,51000,47000,16.6,['Nyt batteri']
Toyota,Mustang,Sort,False,59000,56500,14.7,['Ny olie']
Volkswagen,Golf,Blå,True,81500,78500,15.1,['Sten i ruden']
Tesla,Mini,Blå,False,41500,33500,13.5,['Sten i ruden']
Toyota,Golf,Sort,False,58500,53000,19.9,['Nyt batteri']
Tesla,Stationcar,Grå,False,60000,56000,14.3,['Klargøring til sommer']
Tesla,Stationcar,Grå,True,75000,72000,13.7,['Sten i ruden']
Volvo,Golf,Gul,False,68000,61000,14.0,['Nyt batteri']
Ford,Mini,Sort,False,57500,53000,14.5,['Klargøring til sommer']
Volkswagen,Mustang,Rød,False,82500,75000,24.8,['Sten i ruden']
Toyota,3,Blå,True,38000,34000,22.7,['Sten i ruden']
Toyota,Mini,Blå,False,71000,68000,19.2,['Nyt batteri']
Ford,Mustang,Gul,False,66000,64000,13.6,['Nyt batteri']
Jeep,Mustang,Grøn,False,42000,39500,22.6,['Klargøring til sommer']
Volkswagen,Golf,Sort,False,71000,68000,18.9,['Ny olie']
Volkswagen,Stationcar,Gul,False,70000,63000,15.3,['Nyt batteri']
Volvo,Golf,Grøn,True,78500,74500,13.7,['Skifte dæk']
Toyota,Stationcar,Rød,False,85000,79500,13.8,['Ny olie']
Jeep,Golf,Sort,True,37000,31000,14.2,['Skifte dæk']
Toyota,3,Hvid,False,82500,77500,23.1,['Klargøring til sommer']
Toyota,Prius,Grøn,False,86000,78000,19.5,['Sætte vinterdæk på']
Jeep,Golf,Rød,False,51000,43500,19.3,['Klargøring til sommer']
Ford,Stationcar,Blå,False,48500,46000,23.3,['Sætte vinterdæk på']
Ford,Golf,Hvid,True,45500,39500,13.9,['Skifte gearkasse']
Volvo,Stationcar,Sort,True,70000,65000,17.8,['Skifte dæk']
Volvo,Stationcar,Sort,False,61500,58500,17.4,['Nyt batteri']
Toyota,Mini,Sort,False,59000,55500,19.2,['Sætte vinterdæk på']
Jeep,Stationcar,Grøn,True,49500,45000,19.4,['Nyt batteri']
Volkswagen,Golf,Grøn,True,43500,37000,21.6,['Ny olie']
Volvo,Mustang,Grå,False,58000,52500,17.5,['Sætte vinterdæk på']
Ford,Golf,Grøn,False,39500,32500,18.0,['Klargøring til sommer']
Volvo,Mini,Grå,True,46000,40500,23.4,['Nyt batteri']
Volvo,Mini,Rød,True,82000,74500,13.4,['Sætte vinterdæk på']
Ford,3,Grå,False,68500,62000,19.4,['Sten i ruden']
Ford,3,Gul,True,77500,75000,24.9,['Ny olie']
Jeep,Stationcar,Rød,False,36500,31500,14.1,['Sten i ruden']
Ford,Mini,Sort,False,47000,43500,19.0,['Skifte dæk']
Ford,3,Grå,False,58500,52000,13.3,['Sten i ruden']
Jeep,Mustang,Rød,True,80000,74000,15.9,['Klargøring til sommer']
Volvo,Golf,Rød,False,58500,56000,24.8,['Ny olie']
Ford,Stationcar,Rød,True,55000,48000,16.8,['Ny olie']
Tesla,Stationcar,Gul,False,41500,34500,16.0,['Skifte dæk']
Toyota,3,Grå,False,75500,73000,17.3,['Ny olie']
Volkswagen,Mini,Grøn,True,68500,62000,23.7,['Sætte vinterdæk på']
Toyota,3,Blå,False,63000,60000,14.1,['Sten i ruden']
Toyota,Stationcar,Sort,True,40500,35000,15.5,['Sten i ruden']
Toyota,Mini,Grå,False,72000,64500,17.7,['Skifte gearkasse']
Tesla,Stationcar,Gul,False,54000,46000,21.9,['Sætte vinterdæk på']
Ford,Mini,Hvid,True,42000,40000,24.8,['Sten i ruden']
Volkswagen,Stationcar,Gul,False,69000,63000,24.1,['Nyt batteri']
Tesla,Prius,Rød,False,50000,42000,16.2,['Klargøring til sommer']
Jeep,3,Blå,False,64000,60000,17.2,['Klargøring til sommer']
Volkswagen,Stationcar,Gul,False,35000,32500,19.3,['Sten i ruden']
Jeep,Mustang,Blå,False,64500,57500,20.7,['Skifte gearkasse']
Volvo,Golf,Sort,True,51000,46500,13.2,['Skifte gearkasse']
